{"value loss": 0.001662330236285925, "policy loss": -1.450216293334961, "time steps": 999, "reward": -3.5176546844977166, "_timestamp": 1651234892, "_runtime": 191, "_step": 0}