{"value loss": 0.00018432459910400212, "cost value loss": 0.09388017654418945, "objective": 0.01513630896806717, "cost surrogate": 22.639591217041016, "kl": 0.0008707394008524716, "entropy": 2.4515655040740967, "time steps": 196999, "reward": -3.4123172202863983, "cost": 11.448331686722812, "_timestamp": 1651445191, "_runtime": 26417, "_step": 196}