{"value loss": 0.00019215172505937517, "policy loss": -0.13484692573547363, "time steps": 1799, "reward": -2.6426324645208807, "_timestamp": 1651235402, "_runtime": 313, "_step": 4}