{"value loss": 0.00019753555534407496, "cost value loss": 2.175364111067779e-09, "objective": -0.09838232398033142, "cost surrogate": 0.00038990401662886143, "kl": 0.0007401239708997309, "entropy": 2.520453691482544, "time steps": 162999, "reward": -1.7734178788658914, "cost": 10.302053068890787, "_timestamp": 1651473809, "_runtime": 21367, "_step": 162}