{"policy loss": 1.9179654121398926, "entropy": 0.0023041926324367523, "time steps": 326, "reward": 3.1218715106865433, "_timestamp": 1651386521, "_runtime": 4647, "_step": 326}