{"value loss": 0.010391929186880589, "policy loss": -6.714127063751221, "entropy": 0.0393795520067215, "time steps": 16999, "reward": 60.608327100005305, "_timestamp": 1652078744, "_runtime": 3138, "_step": 13}