{"value loss": 0.00045169045915827155, "policy loss": -10.723222732543945, "entropy": 0.04426576942205429, "time steps": 172999, "reward": 61.770561644754956, "_timestamp": 1652197504, "_runtime": 33181, "_step": 169}