{"value loss": 0.014925903640687466, "cost value loss": 1.8114781379699707, "objective": -0.08909359574317932, "cost surrogate": 23.391597747802734, "kl": 0.00038879195926710963, "entropy": 2.70162034034729, "time steps": 1199, "reward": -0.09013165027720967, "cost": 305.58706360384116, "_timestamp": 1651417819, "_runtime": 178, "_step": 1}