{"value loss": 0.0004592052719090134, "policy loss": -10.712347030639648, "entropy": 0.044064126908779144, "time steps": 10999, "reward": 69.32087839277868, "_timestamp": 1652233027, "_runtime": 1992, "_step": 7}