{"value loss": 0.0009612892172299325, "policy loss": -2.8875913619995117, "entropy": 0.045841146260499954, "time steps": 219599, "reward": 3.925037014611909, "_timestamp": 1651279423, "_runtime": 39383, "_step": 1093}