{"value loss": 0.018732745200395584, "cost value loss": 5.493135631695623e-06, "objective": -0.6306502819061279, "cost surrogate": -0.014997273683547974, "kl": 0.000294702360406518, "entropy": 2.700963020324707, "time steps": 999, "reward": -4.14578322697811, "cost": 8.508271059729198, "_timestamp": 1651452414, "_runtime": 120, "_step": 0}