{"value loss": 0.011880934238433838, "policy loss": -6.923342704772949, "entropy": 0.025329146534204483, "time steps": 93999, "reward": 53.50864642613269, "_timestamp": 1652163507, "_runtime": 17858, "_step": 90}