{"value loss": 0.002714720321819186, "cost value loss": 0.669344961643219, "objective": -0.3404374420642853, "cost surrogate": 14.307439804077148, "kl": 0.0008378050988540053, "entropy": 2.695167064666748, "time steps": 1399, "reward": -3.322449832077653, "cost": 15.412967612419385, "_timestamp": 1651418680, "_runtime": 196, "_step": 2}