{"value loss": 0.0015923907049000263, "policy loss": -2.6654300689697266, "entropy": 0.17028707265853882, "time steps": 25199, "reward": 5.729588408354488, "_timestamp": 1651492783, "_runtime": 4081, "_step": 121}