{"value loss": 0.006069374270737171, "policy loss": -6.476057052612305, "entropy": 0.035707294940948486, "time steps": 19999, "reward": 36.04078039239901, "_timestamp": 1652088080, "_runtime": 3719, "_step": 16}