{"value loss": 0.0024045982863754034, "cost value loss": 0.17983600497245789, "objective": -0.12083129584789276, "cost surrogate": 16.978721618652344, "kl": 0.0007743392488919199, "entropy": 2.648240327835083, "time steps": 2399, "reward": -1.4748558471758602, "cost": 415.7041280886064, "_timestamp": 1651418267, "_runtime": 391, "_step": 7}