{"value loss": 0.006230433937162161, "cost value loss": 9.445385558137787e-07, "objective": -0.44266584515571594, "cost surrogate": -0.0019321567378938198, "kl": 0.0006258655921556056, "entropy": 2.689000368118286, "time steps": 7999, "reward": -6.029031099924052, "cost": 10.01632974407095, "_timestamp": 1651446351, "_runtime": 1021, "_step": 7}