{"value loss": 0.0009852439397946, "policy loss": -2.7032506465911865, "entropy": 2.2831485271453857, "time steps": 21599, "reward": 0.3543883356094222, "_timestamp": 1651239485, "_runtime": 3249, "_step": 103}