{"policy loss": 2.297478199005127, "entropy": 0.16885918378829956, "time steps": 9, "reward": 0.5385963748331041, "_timestamp": 1651377744, "_runtime": 1596, "_step": 9}