{"value loss": 0.0009126081131398678, "policy loss": -2.8732056617736816, "entropy": 0.05733487755060196, "time steps": 16999, "reward": 4.840500597655518, "_timestamp": 1651293363, "_runtime": 3052, "_step": 80}